,GEOID,claim
0,48201210600,3114.917674418605
1,48201410101,1824.1789130434786
2,48201410102,1407.502068965517
3,48201220900,1886.5193023255815
4,48201532200,2316.941413043478
5,48201533803,2413.924705882353
6,48201530101,1257.3220618556702
7,48201310102,915.9419565217391
8,48201211301,905.6001587301586
9,48201311200,1164.3586274509803
10,48201332600,1664.1093827160491
11,48201313700,2689.25859375
12,48201332200,2318.4168
13,48201422200,1360.9549236641226
14,48201313901,2802.763360655737
15,48201312502,3550.795
16,48201422303,1539.5419814241482
17,48201332400,2352.0872727272726
18,48201313000,2043.6878125
19,48201312800,880.2033064516132
20,48201332300,2194.9339024390247
21,48201313802,1268.8752475247525
22,48201330101,1738.3015555555553
23,48201330303,2239.0626315789473
24,48201330302,3088.6535087719303
25,48201330700,2148.450588235294
26,48201314301,2274.622590361447
27,48201313400,2532.42175
28,48201313500,1519.4648226950355
29,48201312200,1585.8414159292033
30,48201433602,1556.170434782609
31,48201330801,2300.1851546391754
32,48201312000,1877.9860784313728
33,48201313300,1637.9500826446279
34,48201331100,2260.932132352941
35,48201332000,1724.597913043478
36,48201331200,2062.161103448276
37,48201331603,1965.13
38,48201340702,1479.3760606060607
39,48201334002,2435.8897580645157
40,48201333600,1293.1202127659574
41,48201334003,1540.550785714286
42,48201333203,1471.2096153846153
43,48201333000,2418.8523333333337
44,48201320901,1089.3888848263261
45,48201333201,1076.23
46,48201332900,1711.548363636364
47,48201232500,916.6776056338028
48,48201332500,1833.9494915254238
49,48201320202,1126.675061728395
50,48201232303,1977.4806060606059
51,48201232306,2729.949836065574
52,48201230700,1330.4163533834587
53,48201231300,2200.68085106383
54,48201233001,1464.8501587301587
55,48201232901,1781.0139024390237
56,48201230900,2046.1346666666666
57,48201240802,1799.9361825726144
58,48201551400,1409.9821830985918
59,48201550800,1920.0198630136988
60,48201550202,1932.654327868853
61,48201550403,1674.6561996497376
62,48201240503,605.6968350168349
63,48201550405,1744.0896428571425
64,48201240705,2274.612538461539
65,48201552901,1355.5176119402984
66,48201553300,1362.338217391304
67,48201553101,2179.9115053763444
68,48201550603,1714.8945454545453
69,48201550500,1552.074532019704
70,48201240803,1217.2925605536334
71,48201551502,1429.130699300699
72,48201551902,1461.0145901639346
73,48201552401,1404.7364192139737
74,48201551602,1673.7438333333332
75,48201421900,3901.25
76,48201432501,2017.2869230769231
77,48201432904,1446.8419354838707
78,48201421402,810.5200000000001
79,48201452101,1784.448181818182
80,48201432901,1779.324893617021
81,48201453401,1342.1563888888888
82,48201421501,1276.4087745098036
83,48201453405,1546.3433636363636
84,48201432005,1395.2207819905213
85,48201454303,1971.9646153846152
86,48201453403,1415.4713186813187
87,48201433504,1693.97462962963
88,48201451605,1824.5713966480448
89,48201521900,2043.8264000000001
90,48201452001,1708.9438147138958
91,48201521501,1146.2319318181817
92,48201431304,1871.2476086956522
93,48201543201,1925.8890243902442
94,48201541404,2677.4493023255814
95,48201452401,1922.2573417721521
96,48201541301,2140.9033333333327
97,48201430600,1000.0
98,48201541302,3284.3546666666666
99,48201452203,1197.0907427536233
100,48201431803,1674.7948514851491
101,48201230400,1698.6913414634146
102,48201531800,1727.991886792453
103,48201221400,1951.8274687499993
104,48201532700,1501.5364102564101
105,48201221800,1813.5454545454545
106,48201531300,1629.9460700389102
107,48201230300,1500.916440677966
108,48201511502,2408.153846153846
109,48201530501,3582.6
110,48201220600,1048.0415384615385
111,48201532503,2500.3114285714287
112,48201532600,1199.4262893081761
113,48201533402,1429.843596491228
114,48201532502,1551.35397260274
115,48201520603,1239.7068211920528
116,48201423600,2191.014605263158
117,48201333904,1489.6000000000001
118,48201320601,1501.6119230769232
119,48201553202,1793.9392287234043
120,48201552701,1482.0434065934066
121,48201450804,1253.3020134228188
122,48201522301,1655.3921739130433
123,48201452204,1308.7460752688175
124,48201454000,2868.055714285714
125,48201431303,1817.273865546218
126,48201451501,1978.9417543859647
127,48201240102,1546.0904807692302
128,48201211200,1319.7805940594062
129,48201232304,1586.4631645569623
130,48201320700,1782.8712234042553
131,48201454200,2430.057
132,48201454304,1379.456310679612
133,48201543202,1664.197476635514
134,48201521701,1984.979444444444
135,48201232703,1223.8203680981592
136,48201450402,2055.6774468085105
137,48201333301,1228.5910662824206
138,48201540502,2670.027674418605
139,48201231800,1506.6521739130435
140,48201341204,1961.3515652173915
141,48201231100,1596.7193203883498
142,48201231200,1442.399276595745
143,48201530800,2013.1952222222224
144,48201331400,967.1746581196579
145,48201312300,1924.2398203592818
146,48201211400,1416.3809523809523
147,48201330301,2049.760588235294
148,48201421204,1036.4370000000001
149,48201541500,3010.4558333333334
150,48201330802,2998.4064383561645
151,48201331602,1978.6861983471074
152,48201313102,3538.4858333333336
153,48201530900,1312.6895555555554
154,48201220800,1448.5470588235294
155,48201211700,1521.7813698630134
156,48201311900,1637.7309523809522
157,48201210500,2444.561224489796
158,48201311100,1538.8297916666668
159,48201330901,2124.001052631579
160,48201413301,1459.9142268041232
161,48201422404,1153.2105263157894
162,48201440102,3058.145
163,48201312902,2930.6479104477603
164,48201321002,1560.9607006369429
165,48201334001,1353.733425925926
166,48201350300,3108.9811111111107
167,48201350104,1434.414347826087
168,48201232701,1512.099591078067
169,48201232801,1243.5118571428575
170,48201240505,1068.806
171,48201554302,4735.333333333333
172,48201552702,1753.1224161073824
173,48201550404,2555.2506
174,48201240600,788.0795344827587
175,48201452802,1421.1882467532464
176,48201432600,1602.3410550458714
177,48201421205,1159.475846153846
178,48201432200,1841.095
179,48201453404,2157.981212121212
180,48201422501,879.7908991825614
181,48201452103,1437.5955752212392
182,48201453701,2756.751343283582
183,48201210700,1992.9059999999997
184,48201423203,1266.9531250000005
185,48201330200,3014.8437704918038
186,48201321301,1180.8270414201186
187,48201333205,815.5593846153845
188,48201233600,2594.605769230769
189,48201550303,1144.1923755656107
190,48201550308,1289.0525386313466
191,48201240504,726.1884800965018
192,48201550406,1868.3991428571428
193,48201550201,2036.4708372093023
194,48201551101,1042.1045169082126
195,48201550307,1617.7450859106527
196,48201240804,1125.2719518716576
197,48201550102,1087.973070539419
198,48201552802,1200.44147601476
199,48201550902,1555.8152777777777
200,48201552602,1889.425673076923
201,48201552102,2432.4724
202,48201552101,2393.1111111111113
203,48201552501,1250.9806808510639
204,48201550305,1306.0498705501618
205,48201222701,760.8035714285714
206,48201522102,1609.988869565217
207,48201454305,1481.9813157894737
208,48201452202,1079.3452499999996
209,48201421301,1562.4771653543307
210,48201432006,1500.2046874999999
211,48201454100,2286.25
212,48201540904,1881.7859541984735
213,48201452102,1638.598181818182
214,48201432102,1616.0022950819678
215,48201530502,1092.7587096774196
216,48201532102,2981.9989010989016
217,48201532004,1404.1511111111113
218,48201222504,1402.2375824175824
219,48201520400,900.7710218978101
220,48201532003,1623.6345312500002
221,48201532101,950.9046341463413
222,48201521402,738.9663414634147
223,48201520502,1506.6393506493507
224,48201210400,904.7399999999999
225,48201320201,1227.303125
226,48201232902,1142.7839945652174
227,48201232402,1508.469447513812
228,48201553201,1397.0241346153848
229,48201552603,1522.1098152424952
230,48201540503,1171.6181499999998
231,48201541005,1740.6697500000002
232,48201421801,1480.5051651651652
233,48201454504,1555.4999999999998
234,48201450302,2234.855747126437
235,48201532800,2237.7119047619044
236,48201222900,1735.0214516129033
237,48201541801,2057.5420979020982
238,48201314005,956.9789230769231
239,48201340102,1059.6753299492386
240,48201552902,1541.68
241,48201450803,1818.8046766169157
242,48201541007,3110.899661016949
243,48201520601,1102.0
244,48201423204,910.8247923322684
245,48201411700,2319.252419354839
246,48201230600,2451.703703703704
247,48201433006,1413.2437007874012
248,48201451301,1387.2659223300968
249,48201452702,3227.0910000000003
250,48201542004,2350.1925925925925
251,48201550101,1100.3974556213018
252,48201314004,1739.721147540983
253,48201220702,1844.1935483870968
254,48201521702,1201.3947247706424
255,48201350202,2958.1989999999996
256,48201240704,1975.0950909090911
257,48201554202,1673.7956896551725
258,48201541701,2410.142337662338
259,48201422100,2157.914358974359
260,48201451404,1483.3035866261398
261,48201223002,1214.7009302325582
262,48201350400,1954.740093457944
263,48201541205,3784.6363636363635
264,48201432903,2061.8333333333335
265,48201541401,1446.70125
266,48201453001,2301.7965753424655
267,48201452002,2304.0545303867398
268,48201541902,3968.521739130435
269,48201421802,1512.3382258064514
270,48201530102,1817.7477777777776
271,48201211302,1513.787356321839
272,48201531200,1346.7035616438352
273,48201410703,2025.0329166666668
274,48201534002,2662.4029411764704
275,48201221200,2336.996617647059
276,48201410900,1229.5197222222223
277,48201532504,1398.1275500000002
278,48201410402,1348.3333333333333
279,48201533100,1579.1433576642335
280,48201533301,1429.2558139534883
281,48201222602,996.4663908045978
282,48201410401,2937.15
283,48201530701,1423.588969072165
284,48201211000,1595.373220338983
285,48201980700,5086.105365853658
286,48201211102,1460.9247674418605
287,48201212400,1505.9375
288,48201310400,1667.375
289,48201212300,1177.12025
290,48201310800,1497.6473239436618
291,48201422403,1597.6077142857139
292,48201330400,1380.6615789473685
293,48201314302,2366.518524590164
294,48201331604,1274.7063580246916
295,48201312400,1919.502076923077
296,48201312700,1875.00875
297,48201540504,1483.333611111111
298,48201321101,1238.1305707762554
299,48201340800,3225.213333333333
300,48201321102,2058.026
301,48201321001,1117.3387142857143
302,48201333501,996.2649635036496
303,48201321700,1820.0817391304347
304,48201232600,1875.2857142857142
305,48201320602,1290.3908571428572
306,48201233502,2030.4166666666667
307,48201233103,1349.2635443037973
308,48201232305,1921.3064795918372
309,48201233002,2671.464
310,48201232100,4149.796976744186
311,48201233104,1614.2631578947369
312,48201552502,2564.2698
313,48201550601,2692.9436734693877
314,48201240707,3062.4205555555545
315,48201553001,3424.7543636363635
316,48201240703,2825.0627272727274
317,48201553102,1311.2733333333335
318,48201240706,1224.2278209459462
319,48201534102,3655.5789473684213
320,48201552801,1889.4572727272725
321,48201534204,1962.182727272727
322,48201552402,3114.4700000000003
323,48201533904,2045.9830188679246
324,48201551800,2449.75
325,48201551703,1988.689101796407
326,48201551601,2531.622272727273
327,48201550700,2929.524230769231
328,48201534205,3480.7379310344827
329,48201453502,2362.9989285714287
330,48201422800,1352.9829411764706
331,48201541006,2620.6396
332,48201432302,1834.7152976190478
333,48201522302,2479.12375
334,48201450200,2576.1177083333337
335,48201452703,1236.1212903225803
336,48201451903,1087.3237788018432
337,48201423301,1326.6873662551438
338,48201453201,1333.5228648648651
339,48201431205,1608.8149214659686
340,48201433503,2054.508333333333
341,48201422502,1122.350220588235
342,48201541901,1985.9399999999998
343,48201541207,2712.2466666666664
344,48201541204,2628.089491525423
345,48201450401,2344.159574468085
346,48201432301,1322.4404761904764
347,48201432003,2157.967
348,48201432401,1625.055052631579
349,48201522101,1439.753611111111
350,48201422701,1492.9669879518074
351,48201431701,2972.190731707317
352,48201432805,1437.6007407407408
353,48201432806,1458.9943076923078
354,48201420500,971.4277678571427
355,48201451603,2484.0593103448277
356,48201431801,1474.9483974358977
357,48201541802,1697.8258015267177
358,48201451700,1693.291314984709
359,48201432402,1445.2364035087717
360,48201540602,2253.1963043478263
361,48201541100,2829.8687499999996
362,48201541403,1198.7447368421056
363,48201541603,1496.1236206896551
364,48201541402,2231.1583333333333
365,48201453800,2136.4481081081085
366,48201521100,1090.01
367,48201451800,2369.864927536232
368,48201451606,4095.9699999999993
369,48201533702,1628.0
370,48201521600,5869.166666666667
371,48201211101,1237.3407299270073
372,48201230200,1856.219393939394
373,48201510702,4060.0
374,48201222401,1805.909090909091
375,48201533500,2410.8571428571427
376,48201412901,1552.1077419354838
377,48201510901,4682.566538461539
378,48201411902,5535.777083333333
379,48201100001,2570.264406779661
380,48201421104,899.3875
381,48201410706,1829.6943076923076
382,48201510302,9031.210000000001
383,48201311400,1238.35
384,48201330902,1186.4662499999997
385,48201420300,1679.7126966292137
386,48201440101,1855.8474999999999
387,48201334102,1998.3239097744358
388,48201331700,1622.88875
389,48201334101,1842.4247654320989
390,48201312603,2998.7616666666668
391,48201433507,1420.392193877551
392,48201331300,2187.503203125
393,48201332100,1933.4289999999999
394,48201312901,1654.7412962962962
395,48201423401,1438.7086567164176
396,48201313600,2655.8664634146344
397,48201313902,3091.3571428571427
398,48201313202,1902.6837142857141
399,48201453300,1845.386842105263
400,48201330600,2080.5474999999997
401,48201420100,1288.2174553571426
402,48201312501,3188.2025
403,48201423201,4417.636363636364
404,48201433601,1318.984107142857
405,48201330102,4494.45
406,48201340101,1249.611075268817
407,48201341203,1559.7063841807915
408,48201340202,1558.6345
409,48201341302,1315.248448043185
410,48201340400,7120.0
411,48201350500,1969.1858373205744
412,48201350201,2402.766388888889
413,48201333801,1931.3157894736842
414,48201350102,3150.0
415,48201333903,1385.057529411765
416,48201311600,1061.0757575757575
417,48201333802,1996.611111111111
418,48201233501,2143.184
419,48201320100,1373.154727272727
420,48201232000,2087.976388888889
421,48201231500,1206.8536690647484
422,48201252201,1456.5642293906812
423,48201550306,1221.2593364928912
424,48201551901,1071.2684375
425,48201551102,2105.208333333334
426,48201550407,2127.2207692307693
427,48201552004,1818.632125
428,48201550602,3188.7805769230768
429,48201551201,1332.7608988764046
430,48201550901,2496.135714285714
431,48201550304,1171.9054810996572
432,48201551501,2812.04
433,48201554301,3043.9990476190483
434,48201554201,2786.936440677966
435,48201451100,1944.1590131578946
436,48201432703,2569.952635135136
437,48201433005,1488.471212121212
438,48201432804,1703.2273239436618
439,48201421206,770.1052985074626
440,48201451405,1294.7799178082194
441,48201453702,1404.283559322034
442,48201422601,1314.8893589743589
443,48201431101,1876.374142857143
444,48201451005,1208.1247666666668
445,48201432704,1253.7142857142858
446,48201431901,3428.2565306122447
447,48201421602,1754.2037037037037
448,48201433100,1094.142405063291
449,48201431902,3318.0056
450,48201421700,2204.1560714285715
451,48201540903,1597.8954639175256
452,48201454302,2862.2632653061223
453,48201541203,3206.362666666667
454,48201453604,2113.597027027027
455,48201430900,4040.6
456,48201451401,2258.9995121951224
457,48201451004,1393.0543699186992
458,48201522201,1151.227875
459,48201540901,3624.8399999999997
460,48201431102,1736.3273504273507
461,48201453202,1187.977956989247
462,48201432502,1030.148656716418
463,48201450801,1474.2957142857142
464,48201451406,1532.2678964401289
465,48201540101,6273.75
466,48201454400,2522.542717391304
467,48201451904,1845.953465346535
468,48201540200,3122.9744444444445
469,48201452801,2982.089552238806
470,48201521300,1589.4954098360654
471,48201220500,1423.894
472,48201511001,1510.5951724137929
473,48201533000,1390.6176785714285
474,48201222501,1723.1798630136984
475,48201223001,1932.4387499999998
476,48201533200,2434.447090909091
477,48201220400,1275.63
478,48201531900,1383.2389156626505
479,48201532301,1510.0549122807015
480,48201411504,2634.918235294117
481,48201520302,2598.2946341463417
482,48201221602,1995.5
483,48201533600,2024.566764705882
484,48201341304,1470.03960199005
485,48201252002,1636.6570056497178
486,48201433202,971.5147058823529
487,48201433400,1342.7331818181817
488,48201430101,2891.7125
489,48201450600,1192.8697695852536
490,48201222300,2016.7868571428573
491,48201340203,2011.3333333333333
492,48201451003,1455.505483870968
493,48201221302,1555.1935135135136
494,48201221502,1222.8384415584414
495,48201411801,1925.2424242424242
496,48201530600,1203.3276829268293
497,48201510701,2000.9445454545455
498,48201410201,2324.9955555555553
499,48201530702,1984.241506849315
500,48201230100,1594.9405263157894
501,48201210800,1292.1235064935065
502,48201310600,1570.8522641509433
503,48201310500,1226.1826923076924
504,48201310101,2608.9423809523814
505,48201211502,975.9173076923076
506,48201311800,1268.7426923076923
507,48201420200,2608.9285714285716
508,48201313801,1736.047619047619
509,48201212500,1980.5217391304348
510,48201333100,1671.7225
511,48201233105,1876.1318181818183
512,48201232405,2135.467741935484
513,48201534101,2601.0
514,48201520100,3126.826176470588
515,48201451006,2836.595849056604
516,48201453902,2063.9756097560976
517,48201433300,3503.2758620689656
518,48201540102,2082.0862500000003
519,48201430102,1404.618125
520,48201422900,939.2201293103449
521,48201522401,1582.440322580645
522,48201540601,2431.0677586206903
523,48201532400,1378.3237373737372
524,48201222601,1291.2507692307695
525,48201411301,1975.3465217391301
526,48201421103,1437.9677777777777
527,48201340502,969.9107352941176
528,48201222702,1045.9014285714286
529,48201542003,2288.5252173913045
530,48201431505,2106.295
531,48201521800,1599.871413043478
532,48201220701,1573.5972222222222
533,48201410705,2215.9830769230766
534,48201521401,975.259
535,48201240506,935.9251675977653
536,48201453501,1371.3165753424657
537,48201432101,1291.4495669291337
538,48201333204,872.8675
539,48201520200,1525.515
540,48201510400,1437.8088235294117
541,48201413206,1773.658235294118
542,48201410601,1808.4186746987948
543,48201411503,2965.538947368421
544,48201533701,1264.7557075471695
545,48201530400,3115.1610204081635
546,48201520604,2374.5
547,48201332700,7103.0
548,48201311702,1348.0028767123285
549,48201423402,2588.0752
550,48201423304,3228.51
551,48201331900,2322.3792045454547
552,48201313201,2041.5917073170733
553,48201231600,1933.5201694915254
554,48201231000,2920.845238095238
555,48201233101,1410.1014814814816
556,48201252304,1489.81552238806
557,48201233200,1799.0666666666666
558,48201552003,4683.198181818182
559,48201552200,2126.4177419354837
560,48201552002,1647.9729166666668
561,48201521202,2212.4552083333333
562,48201433004,973.3666666666666
563,48201452502,2722.14275862069
564,48201432705,914.9314705882355
565,48201431302,3040.5027272727266
566,48201453002,2398.206896551724
567,48201423001,1305.5442105263157
568,48201431503,2976.8008333333332
569,48201432803,1744.8686956521738
570,48201541703,1367.154300518135
571,48201522001,1301.2395652173911
572,48201453100,1648.5179487179487
573,48201431204,2089.3793478260873
574,48201431506,1931.8143333333333
575,48201431206,1933.1894252873558
576,48201451407,2313.473103448275
577,48201433506,633.0227642276423
578,48201430200,1563.8230555555556
579,48201410202,1783.9166666666667
580,48201533401,2782.769230769231
581,48201220200,1938.4705882352941
582,48201531000,1626.7
583,48201221701,990.6366826923077
584,48201533804,1813.0052830188679
585,48201232704,1268.6245283018868
586,48201551202,1684.285136986301
587,48201453601,1708.072044198895
588,48201532900,1160.9773476702508
589,48201421101,1203.790184501845
590,48201452900,2173.696052631579
591,48201240400,2631.187432432432
592,48201551705,1827.9542975206612
593,48201511100,2263.14375
594,48201410801,1881.6434615384617
595,48201511003,1514.997916666667
596,48201311001,1802.0888461538461
597,48201310700,1299.96511627907
598,48201211900,1552.9411764705883
599,48201311701,993.7886538461537
600,48201310300,1846.971875
601,48201413302,2620.7933333333335
602,48157670101,1455.9633333333331
603,48201324000,1142.73625
604,48201340701,2387.7940740740737
605,48201232403,3438.2885185185187
606,48201231700,3726.1052631578946
607,48201230800,2049.7083720930236
608,48201252001,1980.3368283582095
609,48201534003,2992.0625
610,48201552103,2187.3559090909093
611,48201421601,1288.868181818182
612,48201452601,1619.05
613,48201521201,1603.1442857142858
614,48201431804,2460.1557812500005
615,48201454700,1183.0
616,48201530300,1884.6010169491524
617,48201222800,2034.226956521739
618,48201534001,1291.638108108108
619,48201534201,1975.5331111111109
620,48201450301,1345.7230612244896
621,48201531500,1275.9519999999998
622,48201453603,1786.036603773585
623,48201511600,3698.056451612904
624,48201413204,1536.024444444445
625,48201311501,1280.4211764705883
626,48201221900,1547.3873684210528
627,48201510803,2343.63375
628,48201411302,3150.3536363636363
629,48201332800,1599.3354054054053
630,48201311300,1449.0
631,48201331502,2282.3267469879515
632,48201420600,1155.3333333333333
633,48201333502,1551.966964285714
634,48201252305,3609.082
635,48201231400,2533.1311428571425
636,48201253602,930.0
637,48201231900,2529.0075
638,48201551704,1732.4681818181818
639,48201540800,2248.2438235294117
640,48201541009,3931.2946666666667
641,48201433201,1787.1214285714286
642,48201452501,1160.8858333333333
643,48201314401,2144.8625
644,48201432004,4228.533333333334
645,48201432706,2494.449705882353
646,48201433505,729.3184615384615
647,48201421403,1647.8366666666666
648,48201433003,1523.8812121212122
649,48201533302,3473.175925925926
650,48201222100,2089.25
651,48201533903,2393.1388888888887
652,48201410502,2640.0862962962965
653,48201241503,3513.272200000001
654,48201211600,1792.556216216216
655,48201510902,2505.833043478261
656,48201541008,4835.714285714285
657,48201411507,4195.527692307693
658,48201431401,1807.3493103448277
659,48201222505,3725.055
660,48201412201,3149.7833333333338
661,48201411003,3832.8316666666665
662,48201410602,2263.3285714285716
663,48201310200,2935.129473684211
664,48201331800,2689.5347337278113
665,48201330500,1928.392857142857
666,48201422302,3350.67375
667,48201333302,2125.5967741935483
668,48201250201,1980.0
669,48201252100,2052.9555555555553
670,48201551000,2964.3285714285707
671,48201552604,3358.3342857142857
672,48201551300,2310.148695652174
673,48201541206,3101.75
674,48201522202,1884.4580645161288
675,48201220300,2569.5
676,48201210900,1823.2446551724138
677,48201533902,1341.0476331360949
678,48201510301,3386.884545454545
679,48201411506,1982.6971428571433
680,48201310900,1302.2542592592592
681,48201422304,2274.5132558139535
682,48201422405,903.7828070175437
683,48201313101,2265.97612244898
684,48201233400,1735.68
685,48201232802,1270.1038645418325
686,48201554701,1160.918695652174
687,48201553002,3653.914166666667
688,48201541004,2309.350185185185
689,48201542105,863.1666666666666
690,48201421302,1412.642857142857
691,48201421203,938.6624200913241
692,48201521502,2216.6666666666665
693,48201540700,3727.510666666667
694,48201451502,1161.6046728971962
695,48201430700,2539.816857142857
696,48201222402,2405.3534615384615
697,48201510601,1806.150476190476
698,48201221100,1653.141
699,48201423100,1158.0838285714285
700,48201552303,1131.745921052632
701,48201432303,1201.5366279069767
702,48201541702,1388.0104
703,48201220100,1031.6376842105262
704,48201410704,2422.1381578947367
705,48201450900,1821.8807142857142
706,48201252003,4355.935769230769
707,48201230500,2831.611851851852
708,48201320500,3276.751875
709,48201421401,1311.0613636363637
710,48201431504,2246.859090909091
711,48201423002,2681.939375
712,48201510201,2897.5025
713,48201413203,1320.7892307692307
714,48201411505,3896.906363636364
715,48201324200,1124.5714285714287
716,48201314003,1472.3
717,48201233003,2149.3636363636365
718,48201452602,2135.0
719,48201522402,1710.2941176470588
720,48201221000,2268.90625
721,48201314001,2524.0644444444442
722,48201410802,4516.181818181818
723,48201311002,4442.376086956521
724,48201320902,2070.228421052632
725,48201233300,2357.245
726,48201333905,4410.833333333333
727,48201450500,3008.0
728,48201422602,1961.4
729,48201520501,2136.2
730,48201222200,2615.972972972973
731,48201410501,2246.7083333333335
732,48201412500,2067.634705882353
733,48201521000,1489.219387755102
734,48201533802,2680.05
735,48201411001,2729.12
736,48201510802,1525.36
737,48201331501,2696.3636363636365
738,48201340501,2458.6897142857138
739,48201522002,1393.5106382978724
740,48201452300,4604.926875
741,48201520700,1818.0266666666666
742,48201422702,2868.846153846154
743,48201454901,1133.3333333333333
744,48201420700,3750.0
745,48201452701,2705.684210526316
746,48201223100,1763.1433333333334
747,48201451604,4356.2
748,48201314402,2240.632777777778
749,48201333700,1475.1924999999999
750,48201221601,1322.9166666666667
751,48201530200,4223.597777777778
752,48201312602,6138.128571428571
753,48201450700,6897.916666666667
754,48201221301,2196.9444444444443
755,48201531600,1562.9166666666667
756,48201422406,1440.7437499999999
757,48201340302,2005.0
758,48201341201,504.37
759,48201431404,2296.31
760,48201511501,3044.3333333333335
761,48201532302,1553.8476923076921
762,48157672500,1838.75
763,48201510100,5384.504
764,48201423500,4640.0
765,48201541604,5592.857142857143
766,48201423303,1127.955918367347
767,48201511302,4573.7125
768,48201420400,2842.090909090909
769,48201510801,3882.255833333333
770,48201221501,2382.976923076923
771,48201421502,1061.7990425531914
772,48201412902,1306.668846153846
773,48201451902,6636.666666666667
774,48201413205,897.387
775,48201412000,3094.205
776,48201411100,2404.6499999999996
777,48201531400,1545.9107142857142
778,48201232404,5825.0
779,48201240101,2212.8484615384614
780,48201211501,2383.076923076923
781,48201312601,2115.5225
782,48201252202,2405.4634782608696
783,48201431403,1949.2442857142855
784,48201431203,2158.5975
785,48201410300,3883.6549999999993
786,48201311502,1296.9411764705883
787,48201511301,4872.0
788,48201341102,1107.44
789,48201340600,1999.5
790,48201452402,3836.0
791,48201412300,1295.0
792,48201431002,1809.9972222222223
793,48201453901,3203.4735714285716
794,48201520301,2237.5
795,48201252500,81737.71333333333
796,48201510202,1725.25
797,48201420800,2400.0
798,48201531100,4710.9580000000005
799,48201413100,5015.465
800,48201510500,3306.565333333333
801,48201411002,2263.8075
802,48201321800,3033.860588235294
803,48157670202,2677.5
804,48201233703,5787.5
805,48201980000,835.3333333333334
806,48201341303,2575.0
807,48201251200,8412.5
808,48201451302,3752.212307692308
809,48201511201,6088.333333333333
810,48201554702,3750.0
811,48201430500,4048.3333333333335
812,48201542107,1195.0
813,48201221702,2697.0555555555557
814,48201333906,6408.333333333333
815,48201413000,1202.4
816,48201431001,4319.5
817,48201542800,1089.0
818,48201430800,3156.008888888889
819,48201340301,9081.75
820,48201222000,2333.753333333333
821,48201534203,1471.0
822,48201350101,2012.5233333333333
823,48157672602,1633.3333333333333
824,48201511400,1683.3333333333333
825,48201554104,2003.0
826,48201431600,3499.0
827,48201510602,4747.234444444444
828,48201542304,1699.33
829,48201551702,3070.9049999999997
830,48201250304,1295.0
831,48201411600,3950.0
832,48201554405,1388.0
833,48201222502,2050.6923076923076
834,48201980200,4179.166666666667
835,48201252306,2990.0
836,48201553602,990.0
837,48201321302,1250.0
838,48201543004,1830.0
839,48201511202,3990.625
840,48201241101,1350.0
841,48201433007,1430.0
842,48157670300,3528.0
843,48201250602,1165.135
844,48201350103,1725.5349999999999
845,48201431702,9625.0
846,48201411802,5494.0
847,48201451200,6418.75
848,48201430400,5500.0
849,48201241501,2798.0
850,48201522500,1912.5
851,48201511004,896.0
852,48201320800,850.0
853,48201241302,1350.0
854,48201412202,2220.218
855,48201454503,10000.0
856,48201241103,2805.0
857,48201241105,2756.0
858,48157672402,1742.5
859,48201252602,800.0
860,48201411400,15500.0
861,48201250305,10500.0
862,48201531700,3880.0
863,48113003400,1370.5429962546816
864,48113003700,1649.5807654320986
865,48113002701,1243.7376023391812
866,48113003101,2325.1786636636634
867,48113000701,2042.5826486486485
868,48113011101,1372.3111550151975
869,48113016511,2016.720791366906
870,48113016703,1910.932585812357
871,48113016607,1385.5034575389943
872,48113011001,1164.0649400798934
873,48113011300,2008.5121142857142
874,48113017101,1234.1290405904058
875,48113017004,1219.34528219971
876,48113008703,1856.6941747572812
877,48113012100,1415.8400413793106
878,48113020300,1866.9576804915514
879,48113002702,1379.4861397058824
880,48113002100,1796.5553742514974
881,48113002200,1605.803739837399
882,48113011104,1342.7739479392626
883,48113006002,1832.1925735294117
884,48113004900,1721.1128776978417
885,48113003901,1367.0383275261324
886,48113001900,2331.7845374449344
887,48113016804,1675.5019351230421
888,48113016605,1491.3187779237846
889,48113010902,1586.8934333733494
890,48113008701,1249.7830544993662
891,48113009304,1505.8751698113208
892,48113012000,1344.4685828571428
893,48113001800,2329.7587781350485
894,48113016802,2594.931666666666
895,48113016705,1850.7768445475638
896,48113016510,2111.1439285714287
897,48113017003,1204.4686559139784
898,48113010904,1323.5854439890709
899,48113008704,1854.5423611111112
900,48113011601,2089.0274193548385
901,48113017301,1481.4109310344832
902,48113009202,1383.3285271317832
903,48113011900,1754.9101621621621
904,48113011500,1294.9268811881186
905,48113020400,1919.6101871345027
906,48113001703,1843.688613861386
907,48113001704,2406.8625301204816
908,48113016704,1846.9153932584265
909,48113016701,1753.9980128205132
910,48113020200,2052.684683544304
911,48113011401,1746.7404925373144
912,48113006100,1746.2439528432735
913,48113011800,1699.5178378378378
914,48113003902,1741.4370860927152
915,48113005902,1455.0679259259257
916,48113013806,1655.768829268292
917,48113013010,1414.2572947976869
918,48113019039,1979.4221538461543
919,48113019019,1405.2589792663478
920,48113014002,1770.7833613445387
921,48113014001,2135.781960784314
922,48113013804,1456.8142857142857
923,48113013011,1273.4066020524506
924,48113009900,1423.9543788819874
925,48113018505,1313.64578581363
926,48113018503,1319.4511913104423
927,48113013606,1423.7177777777779
928,48113014119,1737.4422222222222
929,48113007820,1154.1430753968255
930,48113007823,2134.871183431953
931,48113013625,1795.5200000000002
932,48113019038,1876.0582683982677
933,48113014135,2603.71
934,48113007811,1307.510306748466
935,48113007821,1191.0594811320757
936,48113007804,2044.9526948051962
937,48113005200,1331.500923076923
938,48113006800,1304.1526338639653
939,48113004300,1605.8395711060944
940,48113001502,1249.4228536585365
941,48113000800,1669.8160233918131
942,48113000401,1339.7426894865525
943,48113006700,1386.7233423180596
944,48113004500,1167.302955465587
945,48113012211,1036.9317890772127
946,48113007202,888.4069230769223
947,48113004600,1070.8646153846155
948,48113010000,1651.3716221033862
949,48113000500,1709.0727078891252
950,48113009402,748.5308333333334
951,48113008500,1122.1518205804746
952,48113002000,1263.668717948718
953,48113006200,1231.1637476808903
954,48113010704,1335.9698749999998
955,48113007902,1250.4227135678393
956,48113010602,1635.7388888888888
957,48113012207,1172.832286158631
958,48113000405,1157.6376086956518
959,48113012210,1134.3642574257417
960,48113009804,1012.279625000001
961,48113019900,1004.5635638297873
962,48113000601,1597.1727736131938
963,48113010703,1249.9551711026616
964,48113004201,1334.124918032787
965,48113006900,1082.4301953125
966,48113000202,1522.9958536585364
967,48113007201,1004.6693749999994
968,48113006001,1717.2602366863905
969,48113008400,1185.0278688524588
970,48113001504,1298.292255192878
971,48113000605,2037.8220754716983
972,48113000300,2031.3933333333332
973,48113000900,1464.236521739131
974,48113000406,1345.5605642633225
975,48113013805,1524.6285945072702
976,48113013722,1390.4809011627906
977,48113019036,2265.9285714285716
978,48113013105,1308.9176039603956
979,48113007810,1070.7428463476072
980,48113013610,1290.7830890052355
981,48113013616,1577.3918063314713
982,48113019040,1238.731982651797
983,48113013711,1255.505448275862
984,48113013621,975.79918918919
985,48113013607,980.2816417910445
986,48113019016,1878.6605185185185
987,48113013626,1404.8020915032685
988,48113007822,1500.4689569536422
989,48113013719,1351.864277777778
990,48113013609,1678.3153333333335
991,48113013620,1631.4129166666664
992,48113013618,1510.095172413793
993,48113018506,1684.9166067240023
994,48113019100,1934.145391304348
995,48113013721,2896.0
996,48113019018,1632.815735735736
997,48113013726,2197.3578125000004
998,48113009604,875.894619565217
999,48113016902,1212.8215969581747
1000,48113005500,2168.402389380531
1001,48113017001,1187.5918494623659
1002,48113011702,1918.7594444444444
1003,48113005600,1784.7768292682929
1004,48113009000,1296.7501914893621
1005,48113011701,1356.9411173184358
1006,48113016803,1371.648259668508
1007,48113016622,1978.537341772152
1008,48113016001,1562.3825974025972
1009,48113016615,1978.0570114942534
1010,48113016610,1459.2857142857138
1011,48113016606,1501.4174157303373
1012,48113016518,1863.5880710659906
1013,48113016621,1349.401547619048
1014,48113016625,1419.6569724770638
1015,48113016618,1646.6667975830815
1016,48113016509,2048.5269662921346
1017,48113016517,1485.7140331491703
1018,48113016406,1366.6576296296298
1019,48113016301,2291.5439130434784
1020,48113016100,1497.4905809128627
1021,48113014407,1118.954005934717
1022,48113014308,1190.87468513854
1023,48113016619,1316.939793814432
1024,48113016401,2227.563410852714
1025,48113014116,1063.1270746268654
1026,48113014206,1877.1754929577467
1027,48113014137,1713.698091603053
1028,48113014406,1214.01303030303
1029,48113016612,2441.3744635193134
1030,48113016620,2089.646645962733
1031,48113014403,1564.942242857143
1032,48113014408,1424.359444444444
1033,48113014306,2101.8625
1034,48113014133,1241.2854863221878
1035,48113014312,1484.6383734939757
1036,48113016411,2204.8687500000005
1037,48113016002,1577.574607843137
1038,48113015500,1385.0510989010982
1039,48113016522,1953.648538812786
1040,48113015403,1056.5092513368993
1041,48113014114,1152.2106382978725
1042,48113016626,1341.350668380463
1043,48113015000,1729.4245
1044,48113014115,1969.5667096774196
1045,48113016202,1485.5905000000002
1046,48113014502,1479.1269230769233
1047,48113015100,2089.796103896104
1048,48113014310,1210.838158567775
1049,48113014309,1352.75291015625
1050,48113014127,1637.4769732937689
1051,48113014902,1965.1210344827584
1052,48113014136,1853.7746308724827
1053,48113015305,1399.0280898876406
1054,48113014307,1624.2504374999994
1055,48113014311,1730.7591712707194
1056,48113019027,1334.2394301994302
1057,48113019021,1813.5159200000003
1058,48113008200,1440.152613240418
1059,48113018138,1511.0659463487334
1060,48113018203,2006.910476190476
1061,48113018128,1366.603834951457
1062,48113019020,1474.229753914988
1063,48113017813,1279.4227804878044
1064,48113018110,3161.4930769230773
1065,48113018134,2187.8333333333335
1066,48113019043,2621.4613636363633
1067,48113018801,1882.8314285714284
1068,48113018126,1992.0518181818181
1069,48113018130,1478.0305654281083
1070,48113008100,1852.2911538461537
1071,48113018401,1385.6322058823532
1072,48113019013,1424.3573913043474
1073,48113018129,1564.219191919192
1074,48113019029,1474.3269499999994
1075,48113017807,1510.798980769231
1076,48113012701,1583.4818390804603
1077,48113019032,1218.7153333333333
1078,48113018204,1789.3055813953488
1079,48113017400,1517.9539393939397
1080,48113018123,2155.1057419354834
1081,48113018141,1184.5208395802103
1082,48113018137,1725.6547692307686
1083,48113019042,1870.4377130044847
1084,48113012702,1497.8755223880596
1085,48113018121,1738.6521333333333
1086,48113019025,2405.42625
1087,48113018300,1329.1994042553188
1088,48113018142,1745.604680851064
1089,48113019023,1350.368613861386
1090,48113017606,1485.458
1091,48113017303,2001.7278151260505
1092,48113017602,1775.6003125000002
1093,48113017306,1926.5874444444444
1094,48113018135,1682.6674637681153
1095,48113018139,2569.5956756756755
1096,48113012302,1505.7307470511134
1097,48113017811,2128.2254878048784
1098,48113018402,2013.0345098039218
1099,48113017500,958.829055555555
1100,48113012604,1158.7693776956253
1101,48113017202,1418.2011643835622
1102,48113017814,1528.1465533980584
1103,48113017805,1126.66210327456
1104,48113018104,1396.1688775510208
1105,48113017804,1710.351560798549
1106,48113017806,1365.0395073891623
1107,48113008802,1778.698093220339
1108,48113009201,1398.8126612903225
1109,48113003800,1445.1926229508197
1110,48113008604,1328.665817142857
1111,48113010805,1291.787757352941
1112,48113004100,1340.4653846153847
1113,48113002400,1582.4333027522937
1114,48113012208,1486.5786528497408
1115,48113001400,1439.911206896552
1116,48113001101,1921.9343478260867
1117,48113007914,1650.7568345323741
1118,48113012204,1175.3732575757574
1119,48113000100,1791.250361445783
1120,48113020500,988.0818348623854
1121,48113012206,1756.8540932642486
1122,48113013727,1265.8710932475888
1123,48113007815,1566.3538059701493
1124,48113000404,1504.8182580645162
1125,48113002500,1349.2978571428569
1126,48113013008,1565.7910576923075
1127,48113019211,1378.656394849786
1128,48113007818,1215.976552598226
1129,48113019034,1616.3680161943319
1130,48113013901,2047.372307692308
1131,48113016520,1731.0260103626945
1132,48113005700,1862.9926482213436
1133,48113011002,2200.6566666666668
1134,48113015202,1091.514845360825
1135,48113018900,1481.9956375838933
1136,48113018111,1966.3048947368416
1137,48113016616,1920.512169312169
1138,48113016617,2065.3552173913044
1139,48113015700,2280.8623076923077
1140,48113016611,1757.451666666667
1141,48113016410,2384.3860606060607
1142,48113012500,1926.4830612244898
1143,48113017704,1285.3520725388603
1144,48113017808,2074.0730630630633
1145,48113017304,1914.91301369863
1146,48113017703,1783.2082926829266
1147,48113005901,2086.4668874172185
1148,48113011105,1381.7335283993118
1149,48113004000,1594.0391304347827
1150,48113010803,1198.670744680851
1151,48113009104,1763.4242857142856
1152,48113011103,1923.6521739130435
1153,48113011200,1511.5637651821862
1154,48113011602,1659.1718987341774
1155,48113008900,1403.561974522293
1156,48113009610,1430.7098076923078
1157,48113013622,1858.274451612903
1158,48113013718,1575.809074074074
1159,48113019035,1390.155504087194
1160,48113007805,991.6639784946236
1161,48113013200,1839.7823886639683
1162,48113013717,2119.297741935484
1163,48113007827,1457.8340798226159
1164,48113007825,1507.0880086580087
1165,48113019204,1463.838517110266
1166,48113013624,1549.3923469387757
1167,48113005000,1752.3716
1168,48113000702,2023.558653846154
1169,48113004800,1097.618611111111
1170,48113001203,1689.2375
1171,48113012209,861.3049354005167
1172,48113006502,1863.9476470588233
1173,48113001202,1288.9941732283462
1174,48113006402,1208.4713333333334
1175,48113000603,1638.8728313253014
1176,48113005300,1535.15203125
1177,48113001302,1276.969164086687
1178,48113001503,1517.2599504950495
1179,48113007102,1773.5005769230766
1180,48113005400,1544.597256637168
1181,48113004400,1675.0331060606065
1182,48113001001,2309.9264285714285
1183,48113009701,1890.512962962963
1184,48113004700,1505.7620588235293
1185,48113013611,1441.7002083333334
1186,48113013615,1203.441215538847
1187,48113013623,1547.3528795811521
1188,48113019213,1544.0994059405944
1189,48113016903,1410.4494851485138
1190,48113014702,1374.6722222222222
1191,48113016201,1078.0224528301892
1192,48113015306,1320.527380952381
1193,48113014302,1860.4074285714287
1194,48113014130,1741.332847222222
1195,48113014901,1999.2363636363634
1196,48113014113,1384.3134511434519
1197,48113014103,959.1438780487802
1198,48113018127,1775.9
1199,48113019028,2398.6826086956526
1200,48113018118,1598.374455445545
1201,48113018002,1917.0424175824178
1202,48113017305,2365.6830769230764
1203,48113018700,1362.959457364341
1204,48113018122,1709.9958914728682
1205,48113015401,1460.759714285714
1206,48113015404,1414.8311553784865
1207,48113015304,1767.2724999999998
1208,48113016408,1942.2751111111108
1209,48113016407,1437.1616574585637
1210,48113016624,1940.1031249999996
1211,48113018132,2203.0321428571424
1212,48113012603,1840.3104761904765
1213,48113012601,1236.4423655913974
1214,48113017702,1697.520714285714
1215,48113018124,2387.565214285715
1216,48113013608,2470.755
1217,48113009103,1015.0978518518514
1218,48113009301,1368.1040476190476
1219,48113017201,1363.5752095808384
1220,48113010903,1358.551520467836
1221,48113001600,1866.163151862464
1222,48113008705,2265.923076923077
1223,48113007809,1336.5946323529413
1224,48113013714,1983.8596103896105
1225,48113014121,1866.0135593220336
1226,48113020700,1860.8452525252528
1227,48113007913,2387.952205882353
1228,48113010801,1121.5040751445088
1229,48113009803,1305.5714965986392
1230,48113010804,942.8328635014831
1231,48113010101,2155.6071568627453
1232,48113019208,1097.1142447916666
1233,48113013617,1163.1783098591554
1234,48113019202,1552.519375
1235,48113013605,1138.4996899224805
1236,48113014204,928.9966019417475
1237,48113016502,2020.867388535031
1238,48113015206,1478.7674576271186
1239,48113014405,1509.889223300971
1240,48113018205,1248.4372666666666
1241,48113018600,1795.2490163934426
1242,48113018133,1918.888951612904
1243,48113012800,1383.6593396226417
1244,48113017900,1726.9271287128715
1245,48113012301,1483.5279061371841
1246,48113018105,1498.9233064516131
1247,48113018001,1505.3317567567567
1248,48113016413,1281.9959393939396
1249,48113014132,1316.289516129032
1250,48113016623,1901.7294444444456
1251,48113017812,1883.7532727272728
1252,48113018140,1973.4890909090907
1253,48113019014,1435.7521875
1254,48113017604,1134.789277108434
1255,48113009303,1766.1186440677966
1256,48113017102,1648.8549999999998
1257,48113001701,1983.8193333333334
1258,48113008603,1884.8550704225352
1259,48113007903,2201.758108108108
1260,48113012900,1339.339756097561
1261,48113013720,1769.2651351351349
1262,48113013725,1458.459668874172
1263,48113013619,1164.1782608695655
1264,48113009101,1837.33904
1265,48113018802,1399.3171875000003
1266,48113007819,1363.2997950819679
1267,48113007826,2054.153626373626
1268,48113014602,1623.4280597014922
1269,48113014131,1938.093988439306
1270,48113015303,1326.449
1271,48113016521,1814.1003257328987
1272,48113014703,1413.4344999999998
1273,48113006302,1547.9266666666667
1274,48113004202,1548.173157894737
1275,48113019024,2224.3764583333336
1276,48113012400,1416.1430188679242
1277,48113010500,2440.605185185185
1278,48113019026,2285.4059459459463
1279,48113013007,1638.8517647058825
1280,48113014601,1999.215882352941
1281,48113006501,2075.631
1282,48113001002,1944.0983333333334
1283,48113009500,1737.1749999999997
1284,48113019203,2025.0885714285716
1285,48113013713,821.775
1286,48113007302,1673.4976923076924
1287,48113014501,2094.0062264150943
1288,48113009611,1497.1322222222223
1289,48113006301,1741.411875
1290,48113018501,1967.55375
1291,48113007910,1834.6166666666666
1292,48113013009,2191.380761904762
1293,48113016516,1623.5596943231442
1294,48113010701,1344.933947368421
1295,48113019502,2674.343333333333
1296,48113019210,1691.6666666666667
1297,48113009105,1292.1666666666667
1298,48113014124,3243.4825
1299,48113015600,1883.25475
1300,48113015204,2137.8424999999997
1301,48113001301,1177.9172549019609
1302,48113019400,2828.0421428571426
1303,48113009702,3101.6186206896555
1304,48113019041,1932.628064516129
1305,48113013716,2281.821
1306,48113016409,2318.7825000000003
1307,48113014129,1686.9115584415586
1308,48113016523,2671.6376086956525
1309,48113016514,2153.111752577319
1310,48113015205,1568.6670833333335
1311,48113014128,1829.7427027027027
1312,48113015900,1533.7092307692308
1313,48113000201,1453.551666666667
1314,48113019004,1938.4233333333336
1315,48113019031,1978.0709677419356
1316,48113010102,2759.3384615384616
1317,48113009802,1371.596375
1318,48113009401,2368.027368421053
1319,48113018206,1593.2802564102565
1320,48113007909,1685.3852173913046
1321,48113013803,2268.8595238095236
1322,48113007700,2730.6047368421046
1323,48113013902,2478.539090909091
1324,48113007906,3632.142
1325,48113013104,2849.8424999999997
1326,48113017605,2239.5860975609758
1327,48113016513,2209.8281632653066
1328,48113014120,2780.0
1329,48113000606,2116.266153846154
1330,48113019212,835.8346728971961
1331,48113019205,2540.903333333333
1332,48113008801,1813.4739436619718
1333,48113005100,1327.8295833333334
1334,48113014701,1719.7525641025643
1335,48113018403,1304.0126666666667
1336,48113018120,2389.719642857143
1337,48113020000,1768.9381818181819
1338,48113007301,3679.5
1339,48113018136,2126.1418518518512
1340,48113014603,1291.5376666666668
1341,48113020100,1386.4653225806453
1342,48113007101,3108.345
1343,48113013004,1246.207
1344,48113001204,2255.279411764706
1345,48113007911,1079.787
1346,48113007601,2023.753333333333
1347,48113009608,1379.057142857143
1348,48113014138,2413.2466666666664
1349,48113019033,1789.080344827586
1350,48113001102,1810.071
1351,48113019600,2090.0
1352,48113007912,2785.5611111111107
1353,48113019800,2786.734
1354,48113019037,2094.0471428571427
1355,48113014123,4009.340833333333
1356,48113009605,2193.908913043478
1357,48113014203,1934.618387096774
1358,48113015800,2620.381818181818
1359,48113013005,1925.0
1360,48113016412,2346.2913333333336
1361,48113016302,1911.4878947368422
1362,48113013102,4571.0
1363,48113016519,2079.7627272727273
1364,48113019206,2771.336875
1365,48113007801,1775.5271428571427
1366,48113019700,1222.145
1367,48113014126,2600.5714285714284
1368,48113019501,2612.5
1369,48113013712,2241.25
1370,48113009603,2095.3971428571426
1371,48113010601,2734.086956521739
1372,48113006401,2406.75
1373,48113014134,2730.0
1374,48113008000,2033.6066666666666
1375,48113009609,3337.0
1376,48113019302,3134.4600000000005
1377,48113009607,1200.0
1378,48113013101,4200.0
1379,48113013715,2500.0
1380,48113013400,1800.0
