,GEOID,count_x,count_y,SE_A03001_003,SE_A18005_001,SE_A06001_005,SE_B18002_002,SE_B18002_003,SE_A08002B_003,SE_A10011_003,SE_A10039B_009,randomforrest_pred,nbeats_rmse,lstm_rmse,gru_rmse,brnn_rmse,ensemble_rmse,average_rmse,best_rmse,worst_rmse,best_model_mase,nbeats_mase,lstm_mase,gru_mase,brnn_mase,ensemble_mase,average_mase,best_mase,worst_mase,best_model_mase
0,48201451401,526.0841663,1.063506654,574,1137.175043,869,446,210,236,407,247,1,0.169232701,0.171782105,0.172590603,0.172590603,0.169232701,0.171085743,0.169232701,0.172590603,1,1.023807958,1.031564999,1.034326371,1.034326371,1.023807958,1.029566732,1.023807958,1.034326371,1
1,48113010903,1004.427987,1.458414454,1886,877.1300448,559,458,292,173,221,366,1,0.257954089,0.263064696,0.263938353,0.263938353,0.257954089,0.261369916,0.257954089,0.263938353,1,0.705528968,0.720240051,0.721880108,0.721880108,0.705528968,0.715011641,0.705528968,0.721880108,1
2,48113006502,67.32329269,0.17011036,11,1050.859107,1045,74,31,129,141,51,3,0.015340985,0.00121893,0.001511259,0.001511259,0.001511259,0.004218739,0.00121893,0.015340985,2,0.528607938,0.044083375,0.059305873,0.059305873,0.059305873,0.150121787,0.044083375,0.528607938,2
3,48113009303,212.0180404,0.293186655,630,1018.478261,1276,71,12,112,187,33,2,0.047406822,0.045163192,0.04504129,0.04504129,0.04504129,0.045538777,0.04504129,0.047406822,3,0.691209687,0.691057688,0.681127896,0.681127896,0.681127896,0.685130212,0.681127896,0.691209687,3
4,48201312800,1165.856284,3.284374549,2104,434.8314607,249,161,88,172,263,33,1,0.135006666,0.13246299,0.131211234,0.131211234,0.135006666,0.132979758,0.131211234,0.135006666,3,0.348623342,0.340344874,0.337978609,0.337978609,0.348623342,0.342709755,0.337978609,0.348623342,3
5,48113013805,1402.703567,1.016823139,627,1444.685139,801,431,378,782,96,201,1,0.509245176,0.511616158,0.511580908,0.511580908,0.509245176,0.510653665,0.509245176,0.511616158,1,0.875395232,0.881847423,0.88135812,0.88135812,0.875395232,0.879070825,0.875395232,0.881847423,1
6,48201330400,224.2281674,0.84656312,1760,856.6433566,876,311,104,150,241,279,1,0.0685718,0.069178089,0.070120746,0.070120746,0.0685718,0.069312636,0.0685718,0.070120746,1,0.835233463,0.863729748,0.864270983,0.864270983,0.835233463,0.852547728,0.835233463,0.864270983,1
7,48201324000,149.6894606,0.162745897,69,1285.738255,275,117,131,649,372,48,1,0.01557608,0.002358075,0.001294076,0.001294076,0.001294076,0.004363277,0.001294076,0.01557608,3,0.275053015,0.040441936,0.020803265,0.020803265,0.020803265,0.075580949,0.020803265,0.275053015,3
8,48201313500,1030.852705,1.081917321,2062,842.4311927,130,79,115,229,207,31,1,0.145172785,0.151227018,0.151047832,0.151047832,0.145172785,0.148733651,0.145172785,0.151227018,1,0.357829949,0.387143791,0.387695252,0.387695252,0.357829949,0.375638839,0.357829949,0.387695252,1
9,48201520700,94.05823162,0.228562607,150,1024.550898,556,89,25,17,150,29,2,0.016412817,0.005076105,0.00360596,0.00360596,0.016412817,0.009022732,0.00360596,0.016412817,3,0.446889855,0.144576282,0.097767988,0.097767988,0.446889855,0.246778394,0.097767988,0.446889855,3
10,48201521800,199.3775937,0.38800602,540,1067.973856,1144,15,39,112,163,13,3,0.259447613,0.268934998,0.269112526,0.269112526,0.269112526,0.267144038,0.259447613,0.269112526,1,3.300799279,3.440105613,3.430935089,3.430935089,3.430935089,3.406742032,3.300799279,3.440105613,1
11,48113009605,155.026915,0.250090318,128,988.3954155,1300,207,55,221,237,139,3,0.060106262,0.06318612,0.063140279,0.063140279,0.063140279,0.062542644,0.060106262,0.06318612,1,0.756371272,0.765443057,0.740083704,0.740083704,0.740083704,0.748413088,0.740083704,0.765443057,3
12,48113016510,961.5747915,1.005691144,6783,1258.291093,1955,280,302,998,416,152,1,0.132233224,0.141519285,0.141893337,0.141893337,0.132233224,0.137954481,0.132233224,0.141893337,1,0.497604021,0.539687599,0.541481322,0.541481322,0.497604021,0.523571657,0.497604021,0.541481322,1
13,48201320500,93.28254105,0.05497187,12,1130.364372,989,70,23,87,58,62,3,0.043866885,0.03237785,0.031520382,0.031520382,0.031520382,0.034161176,0.031520382,0.043866885,3,0.960510139,0.739455926,0.701340704,0.701340704,0.701340704,0.760797635,0.701340704,0.960510139,3
14,48113005400,406.3660528,0.404509983,1413,958.8424437,1356,147,174,87,459,92,1,0.069107623,0.071124086,0.070559251,0.070559251,0.069107623,0.070091567,0.069107623,0.071124086,1,0.556401934,0.615662424,0.608951642,0.608951642,0.556401934,0.589273916,0.556401934,0.615662424,1
15,48113018205,1191.99975,0.95830588,735,1059.84252,1320,130,176,148,133,99,1,0.213845101,0.215854628,0.215719745,0.215719745,0.213845101,0.214996864,0.213845101,0.215854628,1,0.449255269,0.457943551,0.45756701,0.45756701,0.449255269,0.454317622,0.449255269,0.457943551,1
16,48113019800,37.16118672,0.188863045,9,2581.233933,39,99,69,289,394,20,1,0.015101506,0.001099401,0.002175574,0.002175574,0.001099401,0.004330291,0.001099401,0.015101506,2,0.86600625,0.070800104,0.134844137,0.134844137,0.070800104,0.255458946,0.070800104,0.86600625,2
17,48201450700,40.04173863,0.101888835,24,3219.883041,552,30,0,290,307,0,2,0.031308611,0.03088468,0.031401743,0.031401743,0.03088468,0.031176292,0.03088468,0.031401743,2,1.584259706,1.311469343,1.25422219,1.25422219,1.311469343,1.343128554,1.25422219,1.584259706,3
18,48201320602,306.5409789,0.306975649,178,829.9674267,1500,179,339,428,353,80,3,0.072314371,0.069328225,0.069829508,0.069829508,0.072314371,0.070723197,0.069328225,0.072314371,2,0.648533367,0.617488432,0.611969774,0.611969774,0.648533367,0.627698943,0.611969774,0.648533367,3
19,48201411600,51.31726418,0.063636325,136,1857.633588,52,18,24,15,202,18,2,0.015109971,0.001097452,0.002169069,0.002169069,0.001097452,0.004328603,0.001097452,0.015109971,2,0.612714898,0.050041933,0.095052065,0.095052065,0.050041933,0.180580579,0.050041933,0.612714898,2
20,48201333600,248.3406319,0.526716142,243,745.2898551,643,13,13,346,152,13,2,0.073725519,0.069872418,0.069526472,0.069526472,0.069526472,0.07043547,0.069526472,0.073725519,3,0.854744269,0.876306594,0.868292544,0.868292544,0.868292544,0.867185699,0.854744269,0.876306594,1
21,48201222401,92.16454958,0.01147584,4,883.4625323,1442,161,67,269,61,67,3,0.017254529,0.007037786,0.005529503,0.005529503,0.005529503,0.008176164,0.005529503,0.017254529,3,0.469038438,0.202094014,0.15563119,0.15563119,0.15563119,0.227605204,0.15563119,0.469038438,3
22,48201321700,90.46348641,0.430030102,15,953.2163743,616,11,31,29,145,11,2,0.042245735,0.04181764,0.042121388,0.042121388,0.04181764,0.042024758,0.04181764,0.042245735,2,1.068164899,1.080675271,1.061585652,1.061585652,1.080675271,1.070537349,1.061585652,1.080675271,3
23,48201420800,12.74581342,0.028242954,64,2201.785714,152,6,6,25,107,0,2,0.015265596,0.001099953,0.002177387,0.002177387,0.001099953,0.004364055,0.001099953,0.015265596,2,2.469816018,0.200041351,0.381279645,0.381279645,0.200041351,0.726491602,0.200041351,2.469816018,2
24,48201550800,242.9989916,0.368202636,1586,1199.259259,617,144,80,228,59,54,1,0.169359321,0.168725214,0.169481078,0.169481078,0.169359321,0.169281202,0.168725214,0.169481078,2,1.779966558,1.769671142,1.775962772,1.775962772,1.779966558,1.77630596,1.769671142,1.779966558,2
25,48113015204,191.4990963,0.24943779,483,1152.527076,1290,159,59,745,311,33,3,0.021535029,0.014115061,0.012576719,0.012576719,0.021535029,0.016467711,0.012576719,0.021535029,3,0.282758406,0.194292137,0.17234254,0.17234254,0.282758406,0.220898805,0.17234254,0.282758406,3
26,48201410900,185.330452,0.318191739,80,1629.037801,369,48,146,299,219,32,3,0.074009152,0.069506494,0.06991056,0.06991056,0.06991056,0.070649465,0.069506494,0.074009152,2,0.982514814,0.926470501,0.918480143,0.918480143,0.918480143,0.932885149,0.918480143,0.982514814,3
27,48113018401,432.4468866,0.233075677,245,975.708502,1055,253,191,147,227,192,1,0.047154328,0.052254158,0.052265534,0.052265534,0.047154328,0.050218776,0.047154328,0.052265534,1,0.383943779,0.442796449,0.441941128,0.441941128,0.383943779,0.418913253,0.383943779,0.442796449,1
28,48113011101,929.3900197,1.379707391,3363,1065.159574,114,106,54,17,435,20,1,0.231798268,0.238358581,0.238729928,0.238729928,0.231798268,0.235882995,0.231798268,0.238729928,1,0.709584125,0.724937885,0.725647762,0.725647762,0.709584125,0.719080331,0.709584125,0.725647762,1
29,48201540502,131.9392169,0.36704624,560,1332.520325,347,96,64,257,283,37,1,0.04755299,0.052993498,0.053242723,0.053242723,0.04755299,0.050916985,0.04755299,0.053242723,1,1.034414632,1.209854627,1.212851212,1.212851212,1.034414632,1.140877263,1.034414632,1.212851212,1
30,48113014302,493.8224013,0.280937059,481,1035.017222,2215,190,246,471,242,94,1,0.051719149,0.044234548,0.043521161,0.043521161,0.051719149,0.046943034,0.043521161,0.051719149,3,0.314705765,0.278471739,0.270788319,0.270788319,0.314705765,0.289891981,0.270788319,0.314705765,3
31,48113017900,507.4588832,0.464639384,637,1377.160494,1240,110,109,166,201,98,1,0.045976135,0.054289172,0.053934787,0.053934787,0.045976135,0.050822203,0.045976135,0.054289172,1,0.3291024,0.406662236,0.404328624,0.404328624,0.3291024,0.374704857,0.3291024,0.406662236,1
32,48113017808,233.0383284,0.813313755,420,1248.853211,234,182,29,99,170,76,1,0.043298892,0.050442079,0.050066559,0.050066559,0.043298892,0.047434596,0.043298892,0.050442079,1,0.561583366,0.679564328,0.671797652,0.671797652,0.561583366,0.629265273,0.561583366,0.679564328,1
33,48201220400,209.8240131,0.518187434,245,815.9264931,1212,90,186,70,230,110,1,0.082695594,0.089820051,0.090604448,0.090604448,0.090604448,0.088865798,0.082695594,0.090604448,1,0.867278396,0.974958666,0.970403882,0.970403882,0.970403882,0.950689742,0.867278396,0.974958666,1
34,48113018900,623.1917988,1.132248042,673,1049.185668,1063,181,120,197,281,111,1,0.091002737,0.084275424,0.084840843,0.084840843,0.091002737,0.087192517,0.084275424,0.091002737,2,0.536658328,0.504244477,0.50382421,0.50382421,0.536658328,0.517041911,0.50382421,0.536658328,3
35,48113004000,706.2992472,0.991770565,1122,794.7540984,27,48,73,210,155,39,1,0.149375084,0.161019087,0.161081649,0.161081649,0.161081649,0.158727823,0.149375084,0.161081649,1,0.612102982,0.67781085,0.675859979,0.675859979,0.675859979,0.663498754,0.612102982,0.67781085,1
36,48113001503,1167.409312,2.070037046,236,795.2542373,949,330,318,426,235,171,1,0.30531138,0.313612241,0.313293728,0.313293728,0.30531138,0.310164491,0.30531138,0.313612241,1,0.938100429,0.975387607,0.971525257,0.971525257,0.938100429,0.958927796,0.938100429,0.975387607,1
37,48201331900,513.6544976,0.907958694,2852,869.4117647,225,76,63,198,206,101,1,0.035951405,0.042483291,0.042464949,0.042464949,0.035951405,0.0398632,0.035951405,0.042483291,1,0.210953311,0.218479632,0.208922496,0.208922496,0.210953311,0.211646249,0.208922496,0.218479632,3
38,48201212500,235.4861931,0.195498303,2099,824.7557003,889,187,137,63,454,117,1,0.055082468,0.048612573,0.048783029,0.048783029,0.048783029,0.050008826,0.048612573,0.055082468,2,0.76627469,0.704765357,0.70316509,0.70316509,0.70316509,0.716107064,0.70316509,0.76627469,3
39,48201332200,445.9209345,0.628129366,2899,848.1900452,690,103,71,221,338,88,1,0.127906682,0.128205504,0.128401601,0.128401601,0.127906682,0.128164414,0.127906682,0.128401601,1,0.922453848,0.925575607,0.92005025,0.92005025,0.922453848,0.92211676,0.92005025,0.925575607,3
40,48201340400,2.993637314,0.000706965,36,0,27,0,0,0,160,0,2,0.034821787,0.031791748,0.032786647,0.032786647,0.031791748,0.032795715,0.031791748,0.034821787,2,24.66163324,13.87111443,14.66975507,14.66975507,13.87111443,16.34867444,13.87111443,24.66163324,2
41,48201531800,439.2783968,0.497630386,1488,825.7142857,341,109,103,166,372,40,1,0.085980602,0.083825406,0.084450683,0.084450683,0.085980602,0.084937595,0.083825406,0.085980602,2,0.606312658,0.619865142,0.623691048,0.623691048,0.606312658,0.615974511,0.606312658,0.623691048,1
42,48113017813,1987.514884,3.615510697,1847,1128.482972,853,520,279,956,192,410,1,0.292648112,0.300085653,0.29989192,0.29989192,0.292648112,0.297033144,0.292648112,0.300085653,1,0.637625087,0.649527746,0.649618061,0.649618061,0.637625087,0.644802808,0.637625087,0.649618061,1
43,48113019204,707.9845407,1.284279532,987,1321.38906,3075,448,252,521,144,189,1,0.22793579,0.231337855,0.231319388,0.231319388,0.22793579,0.229969642,0.22793579,0.231337855,1,0.849292345,0.888172914,0.88883701,0.88883701,0.849292345,0.872886325,0.849292345,0.88883701,1
44,48201423201,126.1716131,0.140230083,858,1486.885246,386,48,36,222,188,5,2,0.065275921,0.069765401,0.070444908,0.070444908,0.070444908,0.069275209,0.065275921,0.070444908,1,0.940329264,0.851669056,0.86931285,0.86931285,0.86931285,0.879987374,0.851669056,0.940329264,2
45,48201452900,296.401992,0.499609884,506,1153.629032,1185,68,224,417,171,164,1,0.066057364,0.062642149,0.063224049,0.063224049,0.066057364,0.064240995,0.062642149,0.066057364,2,0.50859747,0.452231819,0.441542775,0.441542775,0.50859747,0.470502462,0.441542775,0.50859747,3
46,48113013005,33.18812195,0.000186305,79,2354.810496,120,46,191,110,445,61,3,0.015763971,0.003622497,0.002240255,0.002240255,0.002240255,0.005221447,0.002240255,0.015763971,3,0.945837476,0.222061675,0.118274935,0.118274935,0.118274935,0.304544791,0.118274935,0.945837476,3
47,48113007820,2596.259345,2.071187009,1609,792.724679,2209,613,395,1283,162,403,1,0.237509018,0.242591998,0.2432831,0.2432831,0.237509018,0.240835247,0.237509018,0.2432831,1,0.264984773,0.269837422,0.269889706,0.269889706,0.264984773,0.267917276,0.264984773,0.269889706,1
48,48113014312,838.0875479,5.575109234,799,1372.738773,1364,265,328,418,221,303,1,0.343914742,0.353128621,0.35389058,0.35389058,0.343914742,0.349747853,0.343914742,0.35389058,1,1.369948418,1.40983597,1.413302646,1.413302646,1.369948418,1.39526762,1.369948418,1.413302646,1
49,48113014121,366.3207522,0.512939842,456,1329.500978,865,524,245,438,306,265,1,0.101749945,0.107978443,0.108824647,0.108824647,0.101749945,0.105825526,0.101749945,0.108824647,1,0.680802827,0.722110405,0.727918648,0.727918648,0.680802827,0.707910671,0.680802827,0.727918648,1
50,48201420400,205.3198791,0.131526873,312,1607.641196,258,98,20,45,170,56,2,0.015271232,0.001064775,0.001995871,0.001995871,0.001064775,0.004278505,0.001064775,0.015271232,2,0.185051974,0.015118962,0.026636235,0.026636235,0.015118962,0.053712473,0.015118962,0.185051974,2
51,48113014127,949.0183349,1.819462983,1358,1406.941907,3377,460,269,786,203,247,1,0.091522241,0.102914207,0.103351598,0.103351598,0.091522241,0.098532377,0.091522241,0.103351598,1,0.329879001,0.360237372,0.360573575,0.360573575,0.329879001,0.348228505,0.329879001,0.360573575,1
52,48113009608,111.7221307,0.109872629,103,1901.877934,330,74,57,231,185,20,3,0.017270884,0.007072152,0.005563483,0.005563483,0.005563483,0.008206697,0.005563483,0.017270884,3,0.363017392,0.156991858,0.121079877,0.121079877,0.121079877,0.176649777,0.121079877,0.363017392,3
53,48113015303,186.6742841,0.182972162,34,1173.809524,638,27,0,71,53,15,2,0.052692046,0.048583548,0.049073319,0.049073319,0.049073319,0.04969911,0.048583548,0.052692046,2,0.601005652,0.551347329,0.544435542,0.544435542,0.544435542,0.557131921,0.544435542,0.601005652,3
54,48113014902,155.5527076,0.197105981,178,909.4890511,916,157,31,295,84,51,3,0.032174986,0.032864383,0.032239255,0.032239255,0.032239255,0.032351427,0.032174986,0.032864383,1,0.519144308,0.526527659,0.5026745,0.5026745,0.5026745,0.510739094,0.5026745,0.526527659,3
55,48113015100,336.1762208,0.48752268,167,922.9508197,1328,67,126,133,312,66,1,0.066101746,0.071573772,0.071318607,0.071318607,0.066101746,0.069282896,0.066101746,0.071573772,1,0.617196094,0.680331818,0.674396949,0.674396949,0.617196094,0.652703581,0.617196094,0.680331818,1
56,48201452300,97.8454925,0.080697478,340,1064.423077,624,97,21,170,113,55,1,0.042572065,0.031023111,0.030723283,0.030723283,0.031023111,0.033212971,0.030723283,0.042572065,3,0.860182071,0.569028419,0.526574192,0.526574192,0.569028419,0.610277459,0.526574192,0.860182071,3
57,48113011500,467.6683783,1.307397931,1942,753.3264033,1143,167,268,655,265,97,1,0.071743271,0.077601899,0.076816379,0.076816379,0.071743271,0.07494424,0.071743271,0.077601899,1,0.537466228,0.585344681,0.582364701,0.582364701,0.537466228,0.565001308,0.537466228,0.585344681,1
58,48113008200,812.0164732,1.371456593,356,1052.093023,152,48,128,58,293,7,1,0.189308138,0.19453135,0.194718737,0.194718737,0.189308138,0.19251702,0.189308138,0.194718737,1,0.668923587,0.684822648,0.6841336,0.6841336,0.668923587,0.678187404,0.668923587,0.684822648,1
59,48113012301,827.3639673,0.86601736,543,1036.86067,1533,176,77,188,223,97,1,0.217362437,0.220596804,0.220565821,0.220565821,0.217362437,0.219290664,0.217362437,0.220596804,1,0.761186959,0.757735002,0.755598838,0.755598838,0.761186959,0.758261319,0.755598838,0.761186959,3
60,48201311800,179.7483325,0.241442426,56,933.4265734,864,261,149,474,160,216,3,0.122707631,0.124864402,0.125038021,0.125038021,0.125038021,0.124537219,0.122707631,0.125038021,1,1.720140647,1.735873655,1.720330033,1.720330033,1.720330033,1.72340088,1.720140647,1.735873655,1
61,48113011300,576.7980814,0.745301157,4483,1035.732323,325,186,223,200,816,116,1,0.095682121,0.102288097,0.102434129,0.102434129,0.095682121,0.099704119,0.095682121,0.102434129,1,0.738124934,0.796058844,0.798340937,0.798340937,0.738124934,0.773798117,0.738124934,0.798340937,1
62,48113016624,307.0813913,0.314445905,2337,1318.699187,94,114,113,97,195,52,1,0.037260874,0.0380637,0.037046719,0.037046719,0.037260874,0.037335777,0.037046719,0.0380637,3,0.352430296,0.367079862,0.350752067,0.350752067,0.352430296,0.354688918,0.350752067,0.367079862,3
63,48201521900,424.7880626,0.15038881,209,1496.524064,772,189,130,190,461,79,1,0.127927877,0.126896521,0.126464892,0.126464892,0.127927877,0.127136412,0.126464892,0.127927877,3,0.69496658,0.689986302,0.68198689,0.68198689,0.69496658,0.688778648,0.68198689,0.69496658,3
64,48113017003,1258.87034,2.851188677,2027,985.3166987,2326,144,373,314,476,93,1,0.360366652,0.36982142,0.370285074,0.370285074,0.360366652,0.366224975,0.360366652,0.370285074,1,0.900965335,0.92149698,0.922962199,0.922962199,0.900965335,0.913870409,0.900965335,0.922962199,1
65,48201410401,92.42861465,0.172482433,0,1782.334385,409,167,80,467,90,19,1,0.016160761,0.005360935,0.002940302,0.002940302,0.002940302,0.006068521,0.002940302,0.016160761,3,0.435904481,0.151841409,0.076185283,0.076185283,0.076185283,0.163260348,0.076185283,0.435904481,3
66,48113018118,1190.639032,1.32946611,2230,1130.787589,1111,292,122,571,320,181,1,0.135524513,0.142983163,0.142435884,0.142435884,0.135524513,0.139780791,0.135524513,0.142983163,1,0.37908523,0.398148409,0.394778718,0.394778718,0.37908523,0.389175261,0.37908523,0.398148409,1
67,48201521600,140.1982312,0.000289735,534,1058.297872,918,38,20,36,138,31,2,0.016637204,0.005643886,0.004158169,0.004158169,0.005643886,0.007248263,0.004158169,0.016637204,3,0.286021635,0.101963587,0.072452671,0.072452671,0.101963587,0.12697083,0.072452671,0.286021635,3
68,48113002000,1755.228914,4.264932516,1105,1018.22016,1595,419,449,1009,292,337,1,0.349551651,0.356968829,0.356601289,0.356601289,0.349551651,0.353854942,0.349551651,0.356968829,1,0.968180425,0.982125828,0.981652373,0.981652373,0.968180425,0.976358285,0.968180425,0.982125828,1
69,48113011105,1102.981429,4.768052921,2861,894.5823928,816,326,279,280,275,234,1,0.53174093,0.535518543,0.536441663,0.536441663,0.53174093,0.534376746,0.53174093,0.536441663,1,1.337234779,1.347749755,1.347863046,1.347863046,1.337234779,1.343589081,1.337234779,1.347863046,1
70,48113010804,1486.883502,5.820941154,2124,857.0301291,1423,379,407,658,471,342,1,1.332729594,1.343479418,1.343827088,1.343827088,1.332729594,1.339318556,1.332729594,1.343827088,1,2.450051595,2.469122809,2.467867353,2.467867353,2.450051595,2.460992141,2.450051595,2.469122809,1
71,48201333100,363.6240975,0.788305238,642,888.9502762,1303,92,257,438,273,106,1,0.119020364,0.126671053,0.126736154,0.126736154,0.119020364,0.123636818,0.119020364,0.126736154,1,0.683891656,0.767363311,0.757538001,0.757538001,0.683891656,0.730044525,0.683891656,0.767363311,1
72,48113005600,358.998511,0.35077219,1276,909.9730458,2307,114,132,483,326,107,1,0.06157724,0.067378192,0.067429389,0.067429389,0.06157724,0.06507829,0.06157724,0.067429389,1,0.530734561,0.585715986,0.579015953,0.579015953,0.530734561,0.561043403,0.530734561,0.585715986,1
73,48113006402,158.6852467,0.347286328,11,800.9615385,2115,224,50,124,113,194,3,0.04948997,0.041300694,0.04160261,0.04160261,0.04160261,0.043119699,0.041300694,0.04948997,2,0.689493575,0.560256475,0.547100833,0.547100833,0.547100833,0.57821051,0.547100833,0.689493575,3
74,48201453502,320.249715,0.360971269,901,1267.054264,716,203,168,417,110,102,1,0.044280219,0.034426334,0.033668742,0.033668742,0.044280219,0.038064851,0.033668742,0.044280219,3,0.371008694,0.301751974,0.286714785,0.286714785,0.371008694,0.323439786,0.286714785,0.371008694,3
75,48113017805,2487.514906,3.124736223,1370,956.2429696,407,320,319,424,391,257,1,0.552516138,0.559457905,0.559295167,0.559295167,0.552516138,0.556616103,0.552516138,0.559457905,1,0.567666012,0.580719976,0.579860635,0.579860635,0.567666012,0.575154654,0.567666012,0.580719976,1
76,48201210500,260.146669,0.619073218,655,860.7142857,1127,332,305,424,339,188,3,0.066127284,0.070596046,0.070378876,0.070378876,0.066127284,0.068721673,0.066127284,0.070596046,1,0.687092881,0.745495276,0.733088982,0.733088982,0.687092881,0.7171718,0.687092881,0.745495276,1
77,48113019029,588.9406769,0.711140019,1158,1252.052545,1123,151,168,106,294,67,1,0.10957297,0.115395447,0.114426879,0.114426879,0.10957297,0.112679029,0.10957297,0.115395447,1,0.615108033,0.647351507,0.639662043,0.639662043,0.615108033,0.631378332,0.615108033,0.647351507,1
78,48113011103,264.6012358,0.22069486,1472,1018.627451,688,111,203,23,421,106,3,0.068931025,0.069242527,0.069397592,0.069397592,0.068931025,0.069179952,0.068931025,0.069397592,1,0.753277194,0.758421419,0.752361269,0.752361269,0.753277194,0.753939669,0.752361269,0.758421419,3
79,48113001701,10.79372662,0.134030375,132,1633.846154,34,17,14,46,44,9,2,0.042462798,0.044422231,0.045254848,0.045254848,0.044422231,0.044363391,0.042462798,0.045254848,1,15.72673516,14.32164645,13.99702728,13.99702728,14.32164645,14.47281652,13.99702728,15.72673516,3
80,48201210400,895.3711801,1.541451892,784,660.9836066,802,174,166,430,258,119,1,0.125343604,0.126402971,0.126937562,0.126937562,0.125343604,0.126193061,0.125343604,0.126937562,1,0.279431557,0.292008825,0.292120402,0.292120402,0.279431557,0.287022549,0.279431557,0.292120402,1
81,48201350500,511.4106398,0.604207835,1303,1067.926456,1849,183,359,971,322,184,1,0.106362989,0.106302498,0.10757848,0.10757848,0.106362989,0.106837087,0.106302498,0.10757848,2,0.543282294,0.559452686,0.564075805,0.564075805,0.543282294,0.554833776,0.543282294,0.564075805,1
82,48201430500,24.69301203,0.000204942,45,1273.789174,603,42,41,139,168,30,3,0.016027757,0.003982293,0.002567292,0.002567292,0.003982293,0.005825385,0.002567292,0.016027757,3,1.245292427,0.319412538,0.185016003,0.185016003,0.319412538,0.450829902,0.185016003,1.245292427,3
83,48113006900,549.3932823,1.569168245,326,836.8148914,1256,156,269,117,387,243,1,0.584901507,0.589744843,0.590208256,0.590208256,0.584901507,0.587992874,0.584901507,0.590208256,1,2.280446726,2.327657475,2.325147825,2.325147825,2.280446726,2.307769315,2.280446726,2.327657475,1
84,48113018129,243.103444,0.856444459,1253,1330.083857,416,287,220,356,399,243,1,0.057750191,0.053503798,0.052634072,0.052634072,0.057750191,0.054854465,0.052634072,0.057750191,3,0.703455243,0.675687865,0.665221553,0.665221553,0.703455243,0.682608291,0.665221553,0.703455243,3
85,48113019400,50.04920545,0.063373779,0,2018.925831,188,56,131,214,186,113,1,0.055495577,0.049661511,0.050601918,0.050601918,0.050601918,0.051392569,0.049661511,0.055495577,2,2.528840444,2.174141715,2.168114861,2.168114861,2.168114861,2.241465349,2.168114861,2.528840444,3
86,48201533902,869.6849448,1.128480944,1215,908.4048027,1587,235,532,737,256,374,1,0.376975435,0.385697101,0.386063081,0.386063081,0.376975435,0.382354827,0.376975435,0.386063081,1,1.332286451,1.368742044,1.366342175,1.366342175,1.332286451,1.353199859,1.332286451,1.368742044,1
87,48201531200,276.4662867,0.652927463,291,1183.783784,368,178,157,370,239,259,1,0.095912079,0.097172819,0.09722599,0.09722599,0.095912079,0.096689791,0.095912079,0.09722599,1,0.789767832,0.797234075,0.790551492,0.790551492,0.789767832,0.791574544,0.789767832,0.797234075,1
88,48113019600,24.50968675,0.00680966,19,1152.409639,151,36,7,179,237,15,2,0.017139653,0.006809601,0.005304038,0.005304038,0.006809601,0.008273386,0.005304038,0.017139653,3,1.525747044,0.642103949,0.489350253,0.489350253,0.642103949,0.75773109,0.489350253,1.525747044,3
89,48201453601,747.2927275,1.501006556,604,912.4365482,735,132,142,275,73,178,1,0.221428684,0.229551629,0.229863835,0.229863835,0.221428684,0.226427334,0.221428684,0.229863835,1,0.783794347,0.82690302,0.82406518,0.82406518,0.783794347,0.808524415,0.783794347,0.82690302,1
90,48113002500,686.4050185,1.792252653,1568,720.7094919,1716,323,241,184,477,177,1,0.134384342,0.134454456,0.135439654,0.135439654,0.134384342,0.134820489,0.134384342,0.135439654,1,0.722213748,0.696947014,0.696862618,0.696862618,0.722213748,0.707019949,0.696862618,0.722213748,3
91,48113009610,288.5806412,0.785601732,57,958.8559614,3194,489,154,793,32,386,1,0.037600608,0.042827345,0.042738286,0.042738286,0.042738286,0.041728562,0.037600608,0.042827345,1,0.285549855,0.296881111,0.28483895,0.28483895,0.28483895,0.287389563,0.28483895,0.296881111,3
92,48201230200,1037.630022,0.695790677,4055,858.2790091,359,283,260,409,626,198,1,0.066213374,0.072672065,0.072683586,0.072683586,0.066213374,0.070093197,0.066213374,0.072683586,1,0.169330666,0.194820787,0.197081575,0.197081575,0.169330666,0.185529054,0.169330666,0.197081575,1
93,48113020500,633.1395569,0.538850773,3414,475.1128304,807,373,342,194,872,92,1,0.05452269,0.054302366,0.053592136,0.053592136,0.05452269,0.054106404,0.053592136,0.05452269,3,0.257069369,0.269390162,0.266317693,0.266317693,0.257069369,0.263232857,0.257069369,0.269390162,1
94,48201230800,178.6642768,0.470967182,1373,564.8550725,273,62,63,24,257,56,1,0.053073833,0.048317568,0.048789218,0.048789218,0.053073833,0.050408734,0.048317568,0.053073833,2,0.782497947,0.660331962,0.646781646,0.646781646,0.782497947,0.70377823,0.646781646,0.782497947,3
95,48201553300,2682.303427,12.80700932,3539,1087.017544,689,764,782,2314,179,640,1,0.889804441,0.900071765,0.899505822,0.899505822,0.889804441,0.895738458,0.889804441,0.900071765,1,1.283701418,1.29299989,1.291356251,1.291356251,1.283701418,1.288623045,1.283701418,1.29299989,1
96,48113018140,206.5892674,0.06173486,1255,1444.036697,492,83,74,102,263,37,3,0.038002826,0.032479018,0.03230802,0.03230802,0.03230802,0.033481181,0.03230802,0.038002826,3,0.415381597,0.242789896,0.228211597,0.228211597,0.228211597,0.268561257,0.228211597,0.415381597,3
97,48113001800,393.9765925,1.791793363,414,1707.906216,334,750,422,1254,171,212,1,0.18837705,0.193379566,0.194112667,0.194112667,0.18837705,0.1916718,0.18837705,0.194112667,1,1.419896211,1.456674172,1.455045506,1.455045506,1.419896211,1.441311521,1.419896211,1.456674172,1
98,48201211900,103.830598,0.073659023,13,817.677643,1415,221,89,110,320,43,3,0.032872406,0.032052384,0.031987356,0.031987356,0.031987356,0.032177372,0.031987356,0.032872406,3,0.821367843,0.812365426,0.786873626,0.786873626,0.786873626,0.798870829,0.786873626,0.821367843,3
99,48201221800,182.0447031,0.210538075,0,641.4351852,1515,51,177,247,105,36,3,0.044202674,0.041163127,0.041452407,0.041452407,0.041452407,0.041944605,0.041163127,0.044202674,2,0.649630276,0.640298218,0.630631339,0.630631339,0.630631339,0.636364502,0.630631339,0.649630276,3
100,48113007801,19.70964191,0.152238532,59,1555.489614,89,62,153,42,482,41,3,0.015157941,0.001121387,0.001672884,0.001672884,0.001121387,0.004149297,0.001121387,0.015157941,2,1.596950115,0.13319709,0.198879457,0.198879457,0.13319709,0.452220642,0.13319709,1.596950115,2
101,48113007821,1190.811057,1.307713877,1207,867.7777778,1442,379,273,716,85,252,1,0.284525716,0.288302282,0.288763058,0.288763058,0.284525716,0.286975966,0.284525716,0.288763058,1,0.569208817,0.583663895,0.582136067,0.582136067,0.569208817,0.577270733,0.569208817,0.583663895,1
102,48201230400,772.1534616,1.299959665,1525,777.810219,653,103,214,307,228,186,1,0.115918454,0.11942759,0.119764826,0.119764826,0.115918454,0.11815883,0.115918454,0.119764826,1,0.562141958,0.559609594,0.558461196,0.558461196,0.562141958,0.56016318,0.558461196,0.562141958,3
103,48201313700,442.3987683,0.778458953,1873,789.9343545,109,74,120,175,292,71,1,0.108237103,0.109694712,0.109872897,0.109872897,0.108237103,0.109182942,0.108237103,0.109872897,1,0.691546031,0.667124488,0.663638728,0.663638728,0.691546031,0.675498801,0.663638728,0.691546031,3
104,48201453100,1146.845756,2.536819914,879,920.4178538,1388,192,413,290,233,190,1,0.384714496,0.379814474,0.379900798,0.379900798,0.384714496,0.381809013,0.379814474,0.384714496,2,0.943992566,0.932641327,0.930337947,0.930337947,0.943992566,0.936260471,0.930337947,0.943992566,3
105,48113000900,774.5250578,2.125270649,173,1378.333333,762,516,340,1085,186,174,1,0.229075035,0.235694022,0.236479656,0.236479656,0.229075035,0.233360681,0.229075035,0.236479656,1,1.086833967,1.096198296,1.096702985,1.096702985,1.086833967,1.09265444,1.086833967,1.096702985,1
